Code	Name	Which URL
RTK01	"Abbey Birth Centre at St Peter's Hospital, Chertsey"	http://www.which.co.uk/birth-choice/units/RTK01-amu-abbey-birth-centre-st-peters-hospital-chertsey
RCF22	Airedale Birthing Centre at Airedale General Hospital	http://www.which.co.uk/birth-choice/units/RCF22-amu-airedale-birthing-centre-airedale-general-hospital
RWG02	Alexandra Birth Centre at Watford General Hospital	http://www.which.co.uk/birth-choice/units/RWG02-amu-alexandra-birth-centre-watford-general-hospital
N161H	Alongside Maternity Unit at Aberdeen Maternity Hospital	http://www.which.co.uk/birth-choice/units/N161H-amu-alongside-maternity-unit-aberdeen-maternity-hospital
A111H	"AMU Midwifery Suite at Ayrshire Maternity Unit, University Hospital Crosshouse"	http://www.which.co.uk/birth-choice/units/A111H-amu-amu-midwifery-suite-ayrshire-maternity-unit-university-hospital-crosshouse
A111H	"AMU Obstetric Unit at Ayrshire Maternity Unit, University Hospital Crosshouse"	http://www.which.co.uk/birth-choice/units/A111H-ou-amu-obstetric-unit-ayrshire-maternity-unit-university-hospital-crosshouse
T304H	Arbroath Community Maternity Unit at Arbroath Infirmary	http://www.which.co.uk/birth-choice/units/T304H-fmu-arbroath-community-maternity-unit-arbroath-infirmary
RA301	"Ashcombe Birth Centre at Weston General Hospital, Weston-Super-Mare"	http://www.which.co.uk/birth-choice/units/RA301-fmu-ashcombe-birth-centre-weston-general-hospital-weston-super-mare
RXQ02	"Aylesbury Birth Centre at Stoke Mandeville Hospital, Aylesbury"	http://www.which.co.uk/birth-choice/units/RXQ02-amu-aylesbury-birth-centre-stoke-mandeville-hospital-aylesbury
RXQ02	"Aylesbury Labour Ward at Stoke Mandeville Hospital, Aylesbury"	http://www.which.co.uk/birth-choice/units/RXQ02-ou-aylesbury-labour-ward-stoke-mandeville-hospital-aylesbury
R1H90	Barkantine Birth Centre at Barkantine Health Centre	http://www.which.co.uk/birth-choice/units/R1H90-fmu-barkantine-birth-centre-barkantine-health-centre
R1H41	Barking Birth Centre at Barking Community Hospital	http://www.which.co.uk/birth-choice/units/R1H41-fmu-barking-birth-centre-barking-community-hospital
RAL26	Barnet Birth Centre at Barnet Hospital	http://www.which.co.uk/birth-choice/units/RAL26-amu-barnet-birth-centre-barnet-hospital
RFFAA	Barnsley Birthing Centre (labour ward) at Barnsley Hospital	http://www.which.co.uk/birth-choice/units/RFFAA-ou-barnsley-birthing-centre-labour-ward-barnsley-hospital
RNS01	Barratt Birth Centre at Northampton General Hospital	http://www.which.co.uk/birth-choice/units/RNS01-amu-barratt-birth-centre-northampton-general-hospital
RNZ02	Beatrice Labour Ward at Salisbury District Hospital	http://www.which.co.uk/birth-choice/units/RNZ02-ou-beatrice-labour-ward-salisbury-district-hospital
RTFDH	Berwick midwife led unit at Berwick Infirmary	http://www.which.co.uk/birth-choice/units/RTFDH-fmu-berwick-midwife-led-unit-berwick-infirmary
RXR78	Blackburn Birth Centre	http://www.which.co.uk/birth-choice/units/RXR78-fmu-blackburn-birth-centre
RHU10	Blake Birthing Centre at Gosport War Memorial Hospital	http://www.which.co.uk/birth-choice/units/RHU10-fmu-blake-birthing-centre-gosport-war-memorial-hospital
RW602	Bluebell Birth Centre at North Manchester General Hospital	http://www.which.co.uk/birth-choice/units/RW602-amu-bluebell-birth-centre-north-manchester-general-hospital
RDZ20	Bournemouth Birth Centre at Royal Bournemouth Hospital	http://www.which.co.uk/birth-choice/units/RDZ20-fmu-the-birthing-unit-royal-bournemouth-hospital
RBA11	Bracken Birth Centre at Musgrove Park Hospital	http://www.which.co.uk/birth-choice/units/RBA11-amu-bracken-birth-centre-musgrove-park-hospital
RAE01	Bradford Birth Centre at Bradford Royal Infirmary	http://www.which.co.uk/birth-choice/units/RAE01-amu-bradford-birth-centre-bradford-royal-infirmary
7A7BT	Brecon Birth Centre at Brecon War Memorial Hospital	http://www.which.co.uk/birth-choice/units/7A7BT-fmu-brecon-birth-centre-brecon-war-memorial-hospital
RXWMB	Bridgnorth Midwife Led Unit at Bridgnorth Hospital	http://www.which.co.uk/birth-choice/units/RXWMB-fmu-bridgnorth-midwife-led-unit-bridgnorth-hospital
RHM12	"Broadlands Birth Centre at Princess Anne Hospital, Southampton"	http://www.which.co.uk/birth-choice/units/RHM12-amu-broadlands-birth-centre-princess-anne-hospital-southampton
7A2AJ	"Bronglais Consultant Led Unit at Bronglais Hospital, Aberystwyth"	http://www.which.co.uk/birth-choice/units/7A2AJ-ou-bronglais-consultant-led-unit-bronglais-hospital-aberystwyth
7A2AJ	"Bronglais Midwife Led Unit at Bronglais Hospital, Aberystwyth"	http://www.which.co.uk/birth-choice/units/7A2AJ-amu-bronglais-midwife-led-unit-bronglais-hospital-aberystwyth
RGQ02	Brook Birth Centre at Ipswich Hospital	http://www.which.co.uk/birth-choice/units/RGQ02-amu-brook-birth-centre-ipswich-hospital
RXR10	Burnley Birth Centre at Burnley General Hospital	http://www.which.co.uk/birth-choice/units/RXR10-amu-burnley-birth-centre-burnley-general-hospital
RWY02	Calderdale Birth Centre at Calderdale Royal Hospital	http://www.which.co.uk/birth-choice/units/RWY02-amu-calderdale-birth-centre-calderdale-royal-hospital
RA201	"Central Delivery Suite at Royal Surrey County Hospital, Guildford"	http://www.which.co.uk/birth-choice/units/RA201-ou-central-delivery-suite-royal-surrey-county-hospital-guildford
RTE01	Cheltenham Aveta Birth Centre at Cheltenham General Hospital	http://www.which.co.uk/birth-choice/units/RTE01-fmu-cheltenham-aveta-birth-centre-cheltenham-general-hospital
RFSDA	Chesterfield Birth Centre (consultant-led) at Chesterfield Royal Hospital	http://www.which.co.uk/birth-choice/units/RFSDA-ou-chesterfield-birth-centre-consultant-led-chesterfield-royal-hospital
RFSDA	Chesterfield Birth Centre (midwife-led) at Chesterfield Royal Hospital	http://www.which.co.uk/birth-choice/units/RFSDA-amu-chesterfield-birth-centre-midwife-led-chesterfield-royal-hospital
RYR16	"Chichester Birth Centre at St Richard's Hospital, Chichester"	http://www.which.co.uk/birth-choice/units/RYR16-amu-chichester-birth-centre-st-richards-hospital-chichester
RD102	Chippenham Birth Centre at Chippenham Community Hospital	http://www.which.co.uk/birth-choice/units/RD102-fmu-chippenham-birth-centre-chippenham-community-hospital
RXN01	Chorley Birth Centre at Chorley and South Ribble Hospital	http://www.which.co.uk/birth-choice/units/RXN01-fmu-chorley-birth-centre-chorley-and-south-ribble-hospital
RDEE2	Clacton Maternity Unit at Clacton and District Hospital	http://www.which.co.uk/birth-choice/units/RDEE2-fmu-clacton-maternity-unit-clacton-district-hospital
Y144H	Clenoch Birthing Centre at Galloway Community Hospital	http://www.which.co.uk/birth-choice/units/Y144H-fmu-clenoch-birthing-centre-galloway-community-hospital
C418H	"Community Maternity Unit at Royal Alexandra Hospital, Paisley"	http://www.which.co.uk/birth-choice/units/C418H-amu-community-maternity-unit-royal-alexandra-hospital-paisley
C108H	"Community Maternity Unit at Islay Hospital, Bowmore"	http://www.which.co.uk/birth-choice/units/C108H-fmu-community-maternity-unit-islay-hospital-bowmore
H214H	"Community Maternity Unit at Mackinnon Memorial Hospital, Skye"	http://www.which.co.uk/birth-choice/units/H214H-fmu-community-maternity-unit-mackinnon-memorial-hospital-skye
A101H	Community Maternity Unit at Isle of Arran War Memorial Hospital	http://www.which.co.uk/birth-choice/units/A101H-fmu-community-maternity-unit-isle-of-arran-war-memorial-hospital
W108H	Community Maternity Unit at Uist and Barra Hospital	http://www.which.co.uk/birth-choice/units/W108H-fmu-community-maternity-unit-uist-and-barra-hospital
C113H	"Community Maternity Unit at Victoria Hospital, Rothesay"	http://www.which.co.uk/birth-choice/units/C113H-fmu-community-maternity-unit-victoria-hospital-rothesay
T310H	Community Maternity Unit at Montrose Royal Infirmary	http://www.which.co.uk/birth-choice/units/T310H-fmu-community-maternity-unit-montrose-royal-infirmary
C121H	"Community Maternity Unit at Lorne and Islands District General Hospital, Oban"	http://www.which.co.uk/birth-choice/units/C121H-fmu-community-maternity-unit-lorne-and-islands-district-general-hospital-oban
T202H	Community Maternity Unit at Perth Royal Infirmary	http://www.which.co.uk/birth-choice/units/T202H-fmu-community-maternity-unit-perth-royal-infirmary
C110H	"Community Maternity Unit at Mid Argyll Hospital, Lochgilphead"	http://www.which.co.uk/birth-choice/units/C110H-fmu-community-maternity-unit-mid-argyll-hospital-lochgilphead
C418H	"Community Maternity Unit at Royal Alexandra Hospital, Paisley"	http://www.which.co.uk/birth-choice/units/C418H-amu-community-maternity-unit-royal-alexandra-hospital-paisley
RC971	Consultant Led Delivery Suite at Luton & Dunstable Hospital	http://www.which.co.uk/birth-choice/units/RC971-ou-consultant-led-delivery-suite-luton-dunstable-hospital
RWH01	"Consultant-led Unit at Lister Hospital, Stevenage"	http://www.which.co.uk/birth-choice/units/RWH01-ou-consultant-led-unit-lister-hospital-stevenage
RAL26	Consultant Led Unit at Barnet Hospital	http://www.which.co.uk/birth-choice/units/RAL26-ou-consultant-led-unit-barnet-hospital
RVJ21	Cossham Birth Centre at Cossham Hospital	http://www.which.co.uk/birth-choice/units/RVJ21-fmu-cossham-birth-centre-cossham-hospital
RTH19	Cotswold Birth Centre at Chipping Norton Community Hospital	http://www.which.co.uk/birth-choice/units/RTH19-fmu-cotswold-birth-centre-chipping-norton-community-hospital
RXC14	Crowborough Birthing Centre at Crowborough War Memorial Hospital	http://www.which.co.uk/birth-choice/units/RXC14-fmu-crowborough-birthing-centre-crowborough-war-memorial-hospital
RGQ02	Deben Delivery Suite at Ipswich Hospital	http://www.which.co.uk/birth-choice/units/RGQ02-ou-deben-delivery-suite-ipswich-hospital
RTGFG	Derby Birth Centre at Royal Derby Hospital	http://www.which.co.uk/birth-choice/units/RTGFG-amu-derby-birth-centre-royal-derby-hospital
RXC02	Eastbourne Midwifery Led Unit at Eastbourne District General Hospital	http://www.which.co.uk/birth-choice/units/RXC02-fmu-eastbourne-midwifery-led-unit-eastbourne-district-general-hospital
RALRA	Edgware Birth Centre at Edgware Community Hospital	http://www.which.co.uk/birth-choice/units/RALRA-fmu-edgware-birth-centre-edgware-community-hospital
RTR45	"Friarage Maternity Centre at Friarage Hospital, Northallerton"	http://www.which.co.uk/birth-choice/units/RTR45-fmu-friarage-maternity-centre-friarage-hospital-northallerton
RD121	Frome Birth Centre at Frome Community Hospital	http://www.which.co.uk/birth-choice/units/RD121-fmu-frome-birth-centre-frome-community-hospital
RXL01	"Fylde Coast Birth Centre at Victoria Hospital, Blackpool"	http://www.which.co.uk/birth-choice/units/RXL01-amu-the-midwifery-led-unit-victoria-hospital-blackpool
RGQ11	"Gilchrist Birthing Unit at Hartismere Health and Care Centre, Eye"	http://www.which.co.uk/birth-choice/units/RGQ11-fmu-gilchrist-birthing-unit-hartismere-health-and-care-centre-eye
7A2AG	"Glangwili Consultant Led Unit at Glangwili General Hospital, Carmarthen"	http://www.which.co.uk/birth-choice/units/7A2AG-ou-glangwili-consultant-led-unit-glangwili-general-hospital-carmarthen
7A2AG	"Glangwili Midwife Led Unit at Glangwili General Hospital, Carmarthen"	http://www.which.co.uk/birth-choice/units/7A2AG-amu-glangwili-midwife-led-unit-glangwili-general-hospital-carmarthen
RJL31	Goole Midwives Suite at Goole and District Hospital	http://www.which.co.uk/birth-choice/units/RJL31-fmu-goole-midwives-suite-goole-and-district-hospital
RHU04	Grange Maternity Centre at Petersfield Community Hospital	http://www.which.co.uk/birth-choice/units/RHU04-fmu-grange-maternity-centre-petersfield-community-hospital
RJ231	"Greenwich Birth Centre at Queen Elizabeth Hospital, Woolwich"	http://www.which.co.uk/birth-choice/units/RJ231-amu-greenwich-birth-centre-queen-elizabeth-hospital-woolwich
RJL30	"Grimsby Maternity Unit at Diana, Princess of Wales Hospital, Grimsby"	http://www.which.co.uk/birth-choice/units/RJL30-ou-grimsby-maternity-unit-diana-princess-of-wales-hospital-grimsby
RXK03	"Halcyon Birth Centre, Smethwick"	http://www.which.co.uk/birth-choice/units/RXK03-fmu-halcyon-birth-centre-smethwick
RDEEK	Halstead Birth Centre at Halstead Hospital	http://www.which.co.uk/birth-choice/units/RDEEK-fmu-halstead-birth-centre-halstead-hospital
RN542	Hampshire Hospitals Maternity Centre at Andover War Memorial Hospital	http://www.which.co.uk/birth-choice/units/RN542-fmu-hampshire-hospitals-maternity-centre-andover-war-memorial-hospital
RDEEE	Harwich Maternity Unit at Fryatt Hospital	http://www.which.co.uk/birth-choice/units/RDEEE-fmu-harwich-maternity-unit-fryatt-hospital
RTXBW	"Helme Chase Midwife Led Unit at Westmorland General Hospital, Kendal"	http://www.which.co.uk/birth-choice/units/RTXBW-fmu-helme-chase-midwife-led-unit-westmorland-general-hospital-kendal
REF86	Helston Birth Centre at Helston Community Hospital	http://www.which.co.uk/birth-choice/units/REF86-fmu-helston-birth-centre-helston-community-hospital
H103H	Henderson Maternity Unit at Caithness General Hospital	http://www.which.co.uk/birth-choice/units/H103H-ou-henderson-maternity-unit-caithness-general-hospital
RTFDR	Hexham midwife led unit at Hexham General Hospital	http://www.which.co.uk/birth-choice/units/RTFDR-fmu-hexham-midwife-led-unit-hexham-general-hospital
RTFDJ	Hillcrest Midwife Led Unit at Alnwick Infirmary	http://www.which.co.uk/birth-choice/units/RTFDJ-fmu-hillcrest-midwife-led-unit-alnwick-infirmary
RQXM1	Homerton Birth Centre at Homerton University Hospital	http://www.which.co.uk/birth-choice/units/RQXM1-amu-homerton-birth-centre-homerton-university-hospital
RH854	Honiton Birth Unit at Honiton Hospital	http://www.which.co.uk/birth-choice/units/RH854-fmu-honiton-birth-unit-honiton-hospital
RJ122	Hospital Birth Centre (Labour Ward) at St Thomas' Hospital	http://www.which.co.uk/birth-choice/units/RJ122-ou-hospital-birth-centre-labour-ward-st-thomas-hospital
RWY01	Huddersfield Family Birth Centre at Huddersfield Royal Infirmary	http://www.which.co.uk/birth-choice/units/RWY01-fmu-huddersfield-family-birth-centre-huddersfield-royal-infirmary
C313H	Inverclyde Community Maternity Unit at Inverclyde Royal Hospital	http://www.which.co.uk/birth-choice/units/C313H-fmu-inverclyde-community-maternity-unit-inverclyde-royal-hospital
7A7EG	Knighton Birth Centre at Knighton Hospital	http://www.which.co.uk/birth-choice/units/7A7EG-fmu-knighton-birth-centre-knighton-hospital
RJ224	"Lewisham Birth Centre at University Hospital, Lewisham"	http://www.which.co.uk/birth-choice/units/RJ224-amu-lewisham-birth-centre-university-hospital-lewisham
7A7BN	Llandrindod Wells Birth Centre at Llandrindod Wells Hospital	http://www.which.co.uk/birth-choice/units/7A7BN-fmu-llandrindod-wells-birth-centre-llandrindod-wells-hospital
7A7BP	Llanidloes Birth Centre at Llanidloes War Memorial Hospital	http://www.which.co.uk/birth-choice/units/7A7BP-fmu-llanidloes-birth-centre-llanidloes-war-memorial-hospital
RKB01	"Lucina Birth Centre at University Hospital, Coventry"	http://www.which.co.uk/birth-choice/units/RKB01-amu-lucina-birth-centre-university-hospital-coventry
RXWML	Ludlow Midwife Led Unit at Ludlow Hospital	http://www.which.co.uk/birth-choice/units/RXWML-fmu-ludlow-midwife-led-unit-ludlow-hospital
RJN71	Macclesfield Birth Centre (labour ward) at Macclesfield District General Hospital	http://www.which.co.uk/birth-choice/units/RJN71-ou-macclesfield-birth-centre-labour-ward-macclesfield-district-general-hospital
RWF03	Maidstone Birth Centre at Maidstone Hospital	http://www.which.co.uk/birth-choice/units/RWF03-fmu-maidstone-birth-centre-maidstone-hospital
RWP50	Meadow Birth Centre at Worcestershire Royal Hospital	http://www.which.co.uk/birth-choice/units/RWP50-amu-meadow-birth-centre-worcestershire-royal-hospital
RWEAK	Meadows Birth Centre at Leicester General Hospital	http://www.which.co.uk/birth-choice/units/RWEAK-amu-the-midwife-led-birth-centre-leicester-general-hospital
RVJ01	"Mendip Birth Centre at Southmead Hospital, Bristol"	http://www.which.co.uk/birth-choice/units/RVJ01-amu-mendip-birth-suite-southmead-hospital-bristol
RAS01	"Midwife led unit at Hillingdon Hospital, Uxbridge"	http://www.which.co.uk/birth-choice/units/RAS01-amu-katherine-ward-duchess-of-kent-maternity-wing-hillingdon-hospital-uxbridge
7A1AU	"Midwife Led Unit at Ysbyty Gwynedd, Bangor"	http://www.which.co.uk/birth-choice/units/7A1AU-amu-midwife-led-unit-ysbyty-gwynedd-bangor
RWWWH	Midwife Led Unit at Warrington Hospital	http://www.which.co.uk/birth-choice/units/RWWWH-amu-midwife-led-unit-warrington-hospital
RJR05	Midwifery Birthing Suite at Countess of Chester Hospital	http://www.which.co.uk/birth-choice/units/RJR05-amu-midwifery-birthing-suite-countess-of-chester-hospital
RR109	Netherbrook Birth Unit at Solihull Hospital	http://www.which.co.uk/birth-choice/units/RR109-fmu-netherbrook-birth-unit-solihull-hospital
RAJ01	New Beginnings at Southend University Hospital	http://www.which.co.uk/birth-choice/units/RAJ01-amu-new-beginnings-southend-hospital
RTD02	"Newcastle Birthing Centre at Royal Victoria Infirmary, Newcastle"	http://www.which.co.uk/birth-choice/units/RTD02-amu-newcastle-birthing-centre-royal-victoria-infirmary-newcastle
RHM03	New Forest Birth Centre at Ashurst Hospital	http://www.which.co.uk/birth-choice/units/RHM03-fmu-new-forest-birth-centre-ashurst-hospital
7A7BR	"Newtown Birth Centre at Montgomery County Infirmary, Newtown"	http://www.which.co.uk/birth-choice/units/7A7BR-fmu-newtown-birth-centre-montgomery-county-infirmary-newtown
RJZ01	"Nightingale Birth Centre (labour ward) at King's College Hospital, London"	http://www.which.co.uk/birth-choice/units/RJZ01-ou-nightingale-birth-centre-labour-ward-kings-college-hospital-london
RTF86	Northumbria Birthing Centre (labour ward) at Northumbria Specialist Emergency Care Hospital	http://www.which.co.uk/birth-choice/units/RTF86-ou-northumbria-birthing-centre-labour-ward-northumbria-specialist-emergency-care-hospital
RH833	Okehampton Birth Unit at Okehampton Community Hospital	http://www.which.co.uk/birth-choice/units/RH833-fmu-okehampton-maternity-unit-okehampton-community-hospital
RWEAA	Orchard Birth Centre at Leicester Royal Infirmary	http://www.which.co.uk/birth-choice/units/RWEAA-amu-orchard-birth-centre-leicester-royal-infirmary
RXWMJ	"Oswestry Midwife Led Unit at Robert Jones & Agnes Hunt Hospital, Oswestry"	http://www.which.co.uk/birth-choice/units/RXWMJ-fmu-oswestry-midwife-led-unit-robert-jones-agnes-hunt-hospital-oswestry
RTH08	"Oxford Spires Midwifery-led Unit at The John Radcliffe Hospital, Oxford"	http://www.which.co.uk/birth-choice/units/RTH08-amu-oxford-spires-midwifery-led-unit-the-john-radcliffe-hospital-oxford
RD129	Paulton Birth Centre at Paulton Memorial Hospital	http://www.which.co.uk/birth-choice/units/RD129-fmu-paulton-birth-centre-paulton-memorial-hospital
REF81	Penrice Birth Centre at St Austell Community Hospital	http://www.which.co.uk/birth-choice/units/REF81-fmu-penrice-birth-centre-st-austell-community-hospital
RNLBE	Penrith Birthing Centre at Penrith Community Hospital	http://www.which.co.uk/birth-choice/units/RNLBE-fmu-penrith-birthing-centre-penrith-community-hospital
N333H	Peterhead Community Maternity Unit at Peterhead Community Hospital	http://www.which.co.uk/birth-choice/units/N333H-fmu-peterhead-community-maternity-unit-peterhead-community-hospital
RHU02	Portsmouth Maternity Centre at St Mary's Community Health Campus	http://www.which.co.uk/birth-choice/units/RHU02-fmu-portsmouth-maternity-centre-st-marys-community-health-campus
RXN02	Preston Birth Centre at Royal Preston Hospital	http://www.which.co.uk/birth-choice/units/RXN02-amu-preston-birth-centre-royal-preston-hospital
RQQ31	"Primrose Midwifery-led Birthing Suite at Hinchingbrooke Hospital, Huntingdon"	http://www.which.co.uk/birth-choice/units/RQQ31-amu-primrose-midwifery-led-birthing-suite-hinchingbrooke-hospital-huntingdon
RGT32	Rosie Birth Centre at The Rosie Hospital	http://www.which.co.uk/birth-choice/units/RGT32-amu-rosie-birth-centre-the-rosie-hospital
RXRE9	Rossendale Birth Centre	http://www.which.co.uk/birth-choice/units/RXRE9-fmu-rossendale-birth-centre
RHW01	"Rushey Birth Centre at Royal Berkshire Hospital, Reading"	http://www.which.co.uk/birth-choice/units/RHW01-amu-rushey-birth-centre-royal-berkshire-hospital-reading
RX1RA	Sanctuary Birth Centre at Nottingham University Hospital QMC Campus	http://www.which.co.uk/birth-choice/units/RX1RA-amu-the-midwife-led-care-unit-nottingham-university-hospital-qmc-campus
RX1CC	Sanctuary Birth Centre at Nottingham University Hospital City Hospital Campus	http://www.which.co.uk/birth-choice/units/RX1CC-amu-santuary-birth-centre-nottingham-university-hospital-city-hospital-campus
RXN02	Sharoe Green Unit at Royal Preston Hospital	http://www.which.co.uk/birth-choice/units/RXN02-ou-sharoe-green-unit-royal-preston-hospital
RK5BC	"Sherwood Birthing Unit (labour ward) at King's Mill Hospital, Sutton-in-Ashfield"	http://www.which.co.uk/birth-choice/units/RK5BC-ou-sherwood-birthing-unit-labour-ward-kings-mill-hospital-sutton-in-ashfield
RXWAS	Shrewsbury Midwife Led Unit at Royal Shrewsbury Hospital	http://www.which.co.uk/birth-choice/units/RXWAS-fmu-shrewsbury-midwife-led-unit-royal-shrewsbury-hospital
RVV01	"Singleton Midwife-led Unit at William Harvey Hospital, Ashford"	http://www.which.co.uk/birth-choice/units/RVV01-amu-singleton-midwife-led-unit-william-harvey-hospital-ashford
RW3HP	St Mary's Birth Centre at Salford Royal Hospital	http://www.which.co.uk/birth-choice/units/RW3HP-fmu-st-marys-birth-centre-salford-royal-hospital
RYJ01	"St Mary's Birth Centre at St Mary's Hospital, Paddington"	http://www.which.co.uk/birth-choice/units/RYJ01-amu-st-marys-birth-centre-st-marys-hospital-paddington
RWE10	"St Mary's Birth Centre at St Mary's Hospital, Melton Mowbray"	http://www.which.co.uk/birth-choice/units/RWE10-fmu-st-marys-birth-centre-st-marys-hospital-melton-mowbray
RWJ09	"Stockport Birth Centre at Stepping Hill Hospital, Stockport"	http://www.which.co.uk/birth-choice/units/RWJ09-amu-stockport-birth-centre-stepping-hill-hospital-stockport
RQ8LJ	"St Peter's Birthing Unit at St Peters Hospital, Maldon"	http://www.which.co.uk/birth-choice/units/RQ8LJ-fmu-st-peters-birthing-unit-st-peters-hospital-maldon
RVV09	St Peter's Midwife Led Unit at Queen Elizabeth the Queen Mother Hospital	http://www.which.co.uk/birth-choice/units/RVV09-amu-st-peters-midwife-led-unit-queen-elizabeth-the-queen-mother-hospital
RTE27	Stroud Maternity Unit at Stroud Maternity Hospital	http://www.which.co.uk/birth-choice/units/RTE27-fmu-stroud-maternity-unit-stroud-maternity-hospital
RNS01	Sturtridge (Labour Ward) at Northampton General Hospital	http://www.which.co.uk/birth-choice/units/RNS01-ou-sturtridge-labour-ward-northampton-general-hospital
7A5B3	"Tair Afon Birth Centre at Prince Charles Hospital, Merthyr"	http://www.which.co.uk/birth-choice/units/7A5B3-amu-tair-afon-birth-centre-prince-charles-hospital-merthyr
RC110	The Acorn Suite at Bedford Hospital	http://www.which.co.uk/birth-choice/units/RC110-amu-the-acorn-suite-bedford-hospital
RVR05	"The Birth Centre at St Helier Hospital, Carshalton"	http://www.which.co.uk/birth-choice/units/RVR05-amu-the-birth-centre-st-helier-hospital-carshalton
R1K01	"The Birth Centre at Northwick Park Hospital, Harrow"	http://www.which.co.uk/birth-choice/units/R1K01-amu-the-birth-centre-northwick-park-hospital-harrow
RKEQ4	"The Birth Centre at Whittington Hospital, Highgate"	http://www.which.co.uk/birth-choice/units/RKEQ4-amu-the-birth-centre-whittington-hospital-highgate
RLU01	The Birth Centre at Birmingham Women's Hospital	http://www.which.co.uk/birth-choice/units/RLU01-amu-the-birth-centre-birmingham-womens-hospital
RYJ04	The Birth Centre at Queen Charlotte's and Chelsea Hospital	http://www.which.co.uk/birth-choice/units/RYJ04-amu-the-birth-centre-queen-charlottes-and-chelsea-hospital
RJ611	The Birth Centre at Croydon University Hospital	http://www.which.co.uk/birth-choice/units/RJ611-amu-the-birth-centre-croydon-university-hospital
7A6AU	"The Birth Centre at Ysbyty Aneurin Bevan, Ebbw Vale"	http://www.which.co.uk/birth-choice/units/7A6AU-fmu-the-birth-centre-ysbyty-aneurin-bevan-ebbw-vale
7A3CJ	The Birth Centre at Neath Port Talbot Hospital	http://www.which.co.uk/birth-choice/units/7A3CJ-fmu-the-birth-centre-neath-port-talbot-hospital
RM202	The Birth Centre at Wythenshawe Hospital	http://www.which.co.uk/birth-choice/units/RM202-amu-the-birth-centre-wythenshawe-hospital
RAPNM	The Birth Centre at North Middlesex Hospital	http://www.which.co.uk/birth-choice/units/RAPNM-amu-the-birth-centre-north-middlesex-hospital
7A6AV	"The Birth Centre at Ysbyty Ystrad Fawr, Caerphilly"	http://www.which.co.uk/birth-choice/units/7A6AV-fmu-the-birth-centre-ysbyty-ystrad-fawr-caerphilly
RVR50	The Birth Centre at Epsom Hospital	http://www.which.co.uk/birth-choice/units/RVR50-amu-the-birth-centre-epsom-hospital
RN707	"The Birth Centre, Aspen Ward at Darent Valley Hospital, Dartford"	http://www.which.co.uk/birth-choice/units/RN707-amu-the-birth-centre-aspen-ward-darent-valley-hospital-dartford
RVWAA	The Birthing Centre at University Hospital of Hartlepool	http://www.which.co.uk/birth-choice/units/RVWAA-fmu-the-birthing-centre-university-hospital-of-hartlepool
S314H	"The Birthing Centre at Simpson Centre for Reproductive Health, Royal Infirmary of Edinburgh"	http://www.which.co.uk/birth-choice/units/S314H-amu-the-birthing-centre-simpson-centre-for-reproductive-health-royal-infirmary-of-edinburgh
RDU50	"The Birthing Centre at Wexham Park Hospital, Slough"	http://www.which.co.uk/birth-choice/units/RDU50-amu-the-isis-birthing-centre-wexham-park-hospital-slough
REF89	"The Birthing Room at St Mary's Hospital, Isles of Scilly"	http://www.which.co.uk/birth-choice/units/REF89-fmu-the-birthing-room-st-marys-hospital-isles-of-scilly
RGR50	"The Birthing Unit at West Suffolk Hospital, Bury St Edmunds"	http://www.which.co.uk/birth-choice/units/RGR50-amu-the-birthing-unit-west-suffolk-hospital-bury-st-edmunds
RQM01	The Birthing Unit at Chelsea and Westminster Hospital	http://www.which.co.uk/birth-choice/units/RQM01-amu-the-birthing-unit-chelsea-and-westminster-hospital
T101H	"The Birthing Unit at Ninewells Hospital, Dundee"	http://www.which.co.uk/birth-choice/units/T101H-amu-the-birthing-unit-ninewells-hospital-dundee
RTP04	"The Birthing Unit at East Surrey Hospital, Redhill"	http://www.which.co.uk/birth-choice/units/RTP04-amu-the-birthing-unit-east-surrey-hospital-redhill
RQ8L0	The Birthing Unit at Broomfield Hospital	http://www.which.co.uk/birth-choice/units/RQ8L0-amu-the-birthing-unit-broomfield-hospital
RJEX1	"The Birthing Unit at County Hospital, Stafford"	http://www.which.co.uk/birth-choice/units/RJEX1-fmu-the-birthing-unit-county-hospital-stafford
RQWG0	"The Birthing Unit at Princess Alexandra Hospital, Harlow"	http://www.which.co.uk/birth-choice/units/RQWG0-amu-the-birthing-unit-princess-alexandra-hospital-harlow
RPA02	"The Birth Place at Medway Maritime Hospital, Gillingham"	http://www.which.co.uk/birth-choice/units/RPA02-amu-the-birth-place-medway-maritime-hospital-gillingham
RTE03	The Birth Unit at Gloucestershire Royal Hospital	http://www.which.co.uk/birth-choice/units/RTE03-amu-the-birth-unit-gloucestershire-royal-hospital
RJ701	"The Carmen Suite at St George's Hospital, Tooting"	http://www.which.co.uk/birth-choice/units/RJ701-amu-the-carmen-suite-st-georges-hospital-tooting
RXR10	"The Central Birth Suite, Lancashire Women and Newborn Centre at Burnley General Hospital"	http://www.which.co.uk/birth-choice/units/RXR10-ou-the-central-birth-suite-lancashire-women-and-newborn-centre-burnley-general-hospital
RTRAT	"The Central Delivery Suite at James Cook University Hospital, Middlesbrough"	http://www.which.co.uk/birth-choice/units/RTRAT-ou-the-central-delivery-suite-james-cook-university-hospital-middlesbrough
RVJ01	"The Central Delivery Suite at Southmead Hospital, Bristol"	http://www.which.co.uk/birth-choice/units/RVJ01-ou-the-central-delivery-suite-southmead-hospital-bristol
RK950	"The Central Delivery Suite at Derriford Hospital, Plymouth"	http://www.which.co.uk/birth-choice/units/RK950-ou-the-central-delivery-suite-derriford-hospital-plymouth
RP5DR	The Central Delivery Suite at Doncaster Royal Infirmary	http://www.which.co.uk/birth-choice/units/RP5DR-ou-the-central-delivery-suite-doncaster-royal-infirmary
RTX02	The Central Delivery Suite at Royal Lancaster Infirmary	http://www.which.co.uk/birth-choice/units/RTX02-ou-the-central-delivery-suite-royal-lancaster-infirmary
RCX70	"The Central Delivery Suite at Queen Elizabeth Hospital, Kings Lynn"	http://www.which.co.uk/birth-choice/units/RCX70-ou-the-central-delivery-suite-queen-elizabeth-hospital-kings-lynn
RD304	The Central Delivery Suite at Poole Hospital	http://www.which.co.uk/birth-choice/units/RD304-ou-the-central-delivery-suite-poole-hospital
R1HNH	The Central Delivery Suite at Newham University Hospital	http://www.which.co.uk/birth-choice/units/R1HNH-ou-the-central-delivery-suite-newham-hospital
RA707	"The Central Delivery Suite at St Michael's Hospital, Bristol"	http://www.which.co.uk/birth-choice/units/RA707-ou-the-central-delivery-suite-st-michaels-hospital-bristol
RJL32	The Central Delivery Suite at Scunthorpe General Hospital	http://www.which.co.uk/birth-choice/units/RJL32-ou-the-central-delivery-suite-scunthorpe-general-hospital
RK950	"The Central Delivery Suite at Derriford Hospital, Plymouth"	http://www.which.co.uk/birth-choice/units/RK950-ou-the-central-delivery-suite-derriford-hospital-plymouth
RJL32	The Central Delivery Suite at Scunthorpe General Hospital	http://www.which.co.uk/birth-choice/units/RJL32-ou-the-central-delivery-suite-scunthorpe-general-hospital
RJR05	The Central Labour Suite at Countess of Chester Hospital	http://www.which.co.uk/birth-choice/units/RJR05-ou-the-central-labour-suite-countess-of-chester-hospital
RTH08	"The Delivery Suite at The John Radcliffe Hospital, Oxford"	http://www.which.co.uk/birth-choice/units/RTH08-ou-the-delivery-suite-the-john-radcliffe-hospital-oxford
RGN80	The Delivery Suite at Peterborough City Hospital	http://www.which.co.uk/birth-choice/units/RGN80-ou-the-delivery-suite-peterborough-city-hospital
RTH05	"The Delivery Suite at Horton Hospital, Banbury"	http://www.which.co.uk/birth-choice/units/RTH05-ou-the-delivery-suite-horton-hospital-banbury
RWJ09	"The Delivery Suite at Stepping Hill Hospital, Stockport"	http://www.which.co.uk/birth-choice/units/RWJ09-ou-the-delivery-suite-stepping-hill-hospital-stockport
RCD01	The Delivery Suite at Harrogate District Hospital	http://www.which.co.uk/birth-choice/units/RCD01-ou-the-delivery-suite-harrogate-district-hospital
RR7EN	"The Delivery Suite at Queen Elizabeth Hospital, Gateshead"	http://www.which.co.uk/birth-choice/units/RR7EN-ou-the-delivery-suite-queen-elizabeth-hospital-gateshead
RBZ12	"The Delivery Suite at North Devon District Hospital, Barnstaple"	http://www.which.co.uk/birth-choice/units/RBZ12-ou-the-delivery-suite-north-devon-district-hospital-barnstaple
RPA02	"The Delivery Suite at Medway Maritime Hospital, Gillingham"	http://www.which.co.uk/birth-choice/units/RPA02-ou-the-delivery-suite-medway-maritime-hospital-gillingham
RDDH0	The Delivery Suite at Basildon University Hospital	http://www.which.co.uk/birth-choice/units/RDDH0-ou-the-delivery-suite-basildon-university-hospital
RVR50	The Delivery Suite at Epsom Hospital	http://www.which.co.uk/birth-choice/units/RVR50-ou-the-delivery-suite-epsom-hospital
R1K01	"The Delivery Suite at Northwick Park Hospital, Harrow"	http://www.which.co.uk/birth-choice/units/R1K01-ou-the-delivery-suite-northwick-park-hospital-harrow
RFW01	"The Delivery Suite at West Middlesex University Hospital, Isleworth"	http://www.which.co.uk/birth-choice/units/RFW01-ou-the-delivery-suite-west-middlesex-university-hospital-isleworth
zt001	The Delivery Suite at Royal Jubilee Maternity Hospital	http://www.which.co.uk/birth-choice/units/zt001_11022-ou-the-delivery-suite-royal-jubilee-maternity-hospital
RWWWH	The Delivery Suite at Warrington Hospital	http://www.which.co.uk/birth-choice/units/RWWWH-ou-the-delivery-suite-warrington-hospital
RRF02	"The Delivery Suite at Royal Albert Edward Infirmary, Wigan"	http://www.which.co.uk/birth-choice/units/RRF02-ou-the-delivery-suite-royal-albert-edward-infirmary-wigan
RYR18	The Delivery Suite at Worthing Hospital	http://www.which.co.uk/birth-choice/units/RYR18-ou-the-delivery-suite-worthing-hospital
RTD02	"The Delivery Suite at Royal Victoria Infirmary, Newcastle"	http://www.which.co.uk/birth-choice/units/RTD02-ou-the-delivery-suite-royal-victoria-infirmary-newcastle
N411H	"The Delivery Suite at Dr Gray's Hospital, Elgin"	http://www.which.co.uk/birth-choice/units/N411H-ou-the-delivery-suite-dr-gray-s-hospital-elgin
RA901	The Delivery Suite at Torbay Hospital	http://www.which.co.uk/birth-choice/units/RA901-ou-the-delivery-suite-torbay-hospital
RXL01	"The Delivery Suite at Victoria Hospital, Blackpool"	http://www.which.co.uk/birth-choice/units/RXL01-ou-the-delivery-suite-victoria-hospital-blackpool
RLU01	The Delivery Suite at Birmingham Women's Hospital	http://www.which.co.uk/birth-choice/units/RLU01-ou-the-delivery-suite-birmingham-womens-hospital
RWP50	The Delivery Suite at Worcestershire Royal Hospital	http://www.which.co.uk/birth-choice/units/RWP50-ou-the-delivery-suite-worcestershire-royal-hospital
RGP75	"The Delivery Suite at James Paget University Hospital, Great Yarmouth"	http://www.which.co.uk/birth-choice/units/RGP75-ou-the-delivery-suite-james-paget-university-hospital-great-yarmouth
RYR18	The Delivery Suite at Worthing Hospital	http://www.which.co.uk/birth-choice/units/RYR18-ou-the-delivery-suite-worthing-hospital
RWWWH	The Delivery Suite at Warrington Hospital	http://www.which.co.uk/birth-choice/units/RWWWH-ou-the-delivery-suite-warrington-hospital
RHW01	"The Delivery Suite at Royal Berkshire Hospital, Reading"	http://www.which.co.uk/birth-choice/units/RHW01-ou-the-delivery-suite-royal-berkshire-hospital-reading
RLNGL	The Delivery Suite at Sunderland Royal Hospital	http://www.which.co.uk/birth-choice/units/RLNGL-ou-the-delivery-suite-sunderland-royal-hospital
RTH05	"The Delivery Suite at Horton Hospital, Banbury"	http://www.which.co.uk/birth-choice/units/RTH05-ou-the-delivery-suite-horton-hospital-banbury
RN707	"The Delivery Suite at Darent Valley Hospital, Dartford"	http://www.which.co.uk/birth-choice/units/RN707-ou-the-delivery-suite-darent-valley-hospital-dartford
RTP04	"The Delivery Suite at East Surrey Hospital, Redhill"	http://www.which.co.uk/birth-choice/units/RTP04-ou-the-delivery-suite-east-surrey-hospital-redhill
zt005	The Delivery Suite at Altnagelvin Area Hospital	http://www.which.co.uk/birth-choice/units/zt005_45020-ou-the-delivery-suite-altnagelvin-area-hospital
zt005	The Delivery Suite at South West Acute Hospital	http://www.which.co.uk/birth-choice/units/zt005_48020-ou-the-delivery-suite-south-west-acute-hospital
RVR05	"The Delivery Suite at St Helier Hospital, Carshalton"	http://www.which.co.uk/birth-choice/units/RVR05-ou-the-delivery-suite-st-helier-hospital-carshalton
RR105	"The Delivery Suite at Good Hope Hospital, Sutton Coldfield"	http://www.which.co.uk/birth-choice/units/RR105-ou-the-delivery-suite-good-hope-hospital-sutton-coldfield
RXH01	"The Delivery Suite at Royal Sussex County Hospital, Brighton"	http://www.which.co.uk/birth-choice/units/RXH01-ou-the-delivery-suite-royal-sussex-county-hospital-brighton
RXH09	"The Delivery Suite at Princess Royal Hospital, Haywards Heath"	http://www.which.co.uk/birth-choice/units/RXH09-ou-the-delivery-suite-princess-royal-hospital-haywards-heath
RWEAK	The Delivery Suite at Leicester General Hospital	http://www.which.co.uk/birth-choice/units/RWEAK-ou-the-delivery-suite-leicester-general-hospital
RTE03	The Delivery Suite at Gloucestershire Royal Hospital	http://www.which.co.uk/birth-choice/units/RTE03-ou-the-delivery-suite-gloucestershire-royal-hospital
N411H	"The Delivery Suite at Dr Gray's Hospital, Elgin"	http://www.which.co.uk/birth-choice/units/N411H-ou-the-delivery-suite-dr-gray-s-hospital-elgin
RR101	The Delivery Suite at Birmingham Heartlands Hospital	http://www.which.co.uk/birth-choice/units/RR101-ou-the-delivery-suite-birmingham-heartlands-hospital
RYJ04	The Delivery Suite at Queen Charlotte's and Chelsea Hospital	http://www.which.co.uk/birth-choice/units/RYJ04-ou-the-delivery-suite-queen-charlottes-and-chelsea-hospital
RBK02	"The Delivery Suite at Manor Hospital, Walsall"	http://www.which.co.uk/birth-choice/units/RBK02-ou-the-delivery-suite-manor-hospital-walsall
RR7EN	"The Delivery Suite at Queen Elizabeth Hospital, Gateshead"	http://www.which.co.uk/birth-choice/units/RR7EN-ou-the-delivery-suite-queen-elizabeth-hospital-gateshead
RCD01	The Delivery Suite at Harrogate District Hospital	http://www.which.co.uk/birth-choice/units/RCD01-ou-the-delivery-suite-harrogate-district-hospital
RGN80	The Delivery Suite at Peterborough City Hospital	http://www.which.co.uk/birth-choice/units/RGN80-ou-the-delivery-suite-peterborough-city-hospital
RLQ01	The Delivery Suite at Hereford County Hospital	http://www.which.co.uk/birth-choice/units/RLQ01-ou-the-delivery-suite-hereford-county-hospital
RNA01	The Delivery Suite at Russells Hall Hospital	http://www.which.co.uk/birth-choice/units/RNA01-ou-the-delivery-suite-russells-hall-hospital
RDEE4	The Delivery Suite at Colchester General Hospital	http://www.which.co.uk/birth-choice/units/RDEE4-ou-the-delivery-suite-colchester-general-hospital
zt002	The Delivery Suite at Causeway Hospital	http://www.which.co.uk/birth-choice/units/zt002_21028-ou-the-delivery-suite-causeway-hospital
7A1A1	"The Delivery Suite at Glan Clwyd Hospital, Rhyl"	http://www.which.co.uk/birth-choice/units/7A1A1-ou-the-delivery-suite-glan-clwyd-hospital-rhyl
7A1A4	The Delivery Suite at Wrexham Maelor Hospital	http://www.which.co.uk/birth-choice/units/7A1A4-ou-the-delivery-suite-wrexham-maelor-hospital
7A1AU	"The Delivery Suite at Ysbyty Gwynedd, Bangor"	http://www.which.co.uk/birth-choice/units/7A1AU-ou-the-delivery-suite-ysbyty-gwynedd-bangor
zt003	"The Delivery Suite at Daisy Hill Hospital, Newry"	http://www.which.co.uk/birth-choice/units/zt003_33020-ou-the-delivery-suite-daisy-hill-hospital-newry
RJ701	"The Delivery Suite at St George's Hospital, Tooting"	http://www.which.co.uk/birth-choice/units/RJ701-ou-the-delivery-suite-st-georges-hospital-tooting
RBL14	The Delivery Suite at Wirral Women and Children's Hospital	http://www.which.co.uk/birth-choice/units/RBL14-ou-the-delivery-suite-wirral-women-and-childrens-hospital
RJF02	"The Delivery Suite at Queen's Hospital, Burton upon Trent"	http://www.which.co.uk/birth-choice/units/RJF02-ou-the-delivery-suite-queens-hospital-burton-upon-trent
RJ611	The Delivery Suite at Croydon University Hospital	http://www.which.co.uk/birth-choice/units/RJ611-ou-the-delivery-suite-croydon-university-hospital
RWEAA	The Delivery Suite at Leicester Royal Infirmary	http://www.which.co.uk/birth-choice/units/RWEAA-ou-the-delivery-suite-leicester-royal-infirmary
7A4BV	"The Delivery Suite at University Hospital of Wales, Cardiff"	http://www.which.co.uk/birth-choice/units/7A4BV-ou-the-delivery-suite-university-hospital-of-wales-cardiff
ZT003	The Delivery Suite at Craigavon Area Hospital	http://www.which.co.uk/birth-choice/units/ZT003_32024-ou-the-delivery-suite-craigavon-area-hospital
RRF02	"The Delivery Suite at Royal Albert Edward Infirmary, Wigan"	http://www.which.co.uk/birth-choice/units/RRF02-ou-the-delivery-suite-royal-albert-edward-infirmary-wigan
zt001	The Delivery Suite at Royal Jubilee Maternity Hospital	http://www.which.co.uk/birth-choice/units/zt001_11022-ou-the-delivery-suite-royal-jubilee-maternity-hospital
RDDH0	The Delivery Suite at Basildon University Hospital	http://www.which.co.uk/birth-choice/units/RDDH0-ou-the-delivery-suite-basildon-university-hospital
RWJ09	"The Delivery Suite at Stepping Hill Hospital, Stockport"	http://www.which.co.uk/birth-choice/units/RWJ09-ou-the-delivery-suite-stepping-hill-hospital-stockport
RTD02	"The Delivery Suite at Royal Victoria Infirmary, Newcastle"	http://www.which.co.uk/birth-choice/units/RTD02-ou-the-delivery-suite-royal-victoria-infirmary-newcastle
RPA02	"The Delivery Suite at Medway Maritime Hospital, Gillingham"	http://www.which.co.uk/birth-choice/units/RPA02-ou-the-delivery-suite-medway-maritime-hospital-gillingham
RVY02	The Delivery Suite at Ormskirk and District General Hospital	http://www.which.co.uk/birth-choice/units/RVY02-ou-the-delivery-suite-ormskirk-district-general-hospital
RXL01	"The Delivery Suite at Victoria Hospital, Blackpool"	http://www.which.co.uk/birth-choice/units/RXL01-ou-the-delivery-suite-victoria-hospital-blackpool
RVR50	The Delivery Suite at Epsom Hospital	http://www.which.co.uk/birth-choice/units/RVR50-ou-the-delivery-suite-epsom-hospital
REF12	"The Delivery Suite at Royal Cornwall Hospital, Truro"	http://www.which.co.uk/birth-choice/units/REF12-ou-the-delivery-suite-royal-cornwall-hospital-truro
RFW01	"The Delivery Suite at West Middlesex University Hospital, Isleworth"	http://www.which.co.uk/birth-choice/units/RFW01-ou-the-delivery-suite-west-middlesex-university-hospital-isleworth
RN506	The Delivery Suite at Basingstoke and North Hampshire Hospital	http://www.which.co.uk/birth-choice/units/RN506-ou-the-delivery-suite-basingstoke-and-north-hampshire-hospital
RXC01	"The Delivery Suite at Conquest Hospital, St Leonards on Sea"	http://www.which.co.uk/birth-choice/units/RXC01-ou-the-delivery-suite-conquest-hospital-st-leonards-on-sea
RWP50	The Delivery Suite at Worcestershire Royal Hospital	http://www.which.co.uk/birth-choice/units/RWP50-ou-the-delivery-suite-worcestershire-royal-hospital
RJE02	The Delivery Suite at Royal Stoke University Hospital	http://www.which.co.uk/birth-choice/units/RJE02-ou-the-delivery-suite-royal-stoke-university-hospital
RL403	"The Delivery Suite at New Cross Hospital, Wolverhampton"	http://www.which.co.uk/birth-choice/units/RL403-ou-the-delivery-suite-new-cross-hospital-wolverhampton
RAS01	"The Delivery Suite, Duchess of Kent Maternity Wing at Hillingdon Hospital, Uxbridge"	http://www.which.co.uk/birth-choice/units/RAS01-ou-the-delivery-suite-duchess-of-kent-maternity-wing-hillingdon-hospital-uxbridge
RD130	"The Delivery Suite, Princess Anne Wing at Royal United Hospital, Bath"	http://www.which.co.uk/birth-choice/units/RD130-ou-the-delivery-suite-princess-anne-wing-royal-united-hospital-bath
RGT32	The Delivery Unit at The Rosie Hospital	http://www.which.co.uk/birth-choice/units/RGT32-ou-the-delivery-unit-the-rosie-hospital
RW3SM	"The Delivery Unit at St Mary's Hospital, Manchester"	http://www.which.co.uk/birth-choice/units/RW3SM-ou-the-delivery-unit-st-marys-hospital-manchester
RGP75	"The Dolphin Suite at James Paget University Hospital, Great Yarmouth"	http://www.which.co.uk/birth-choice/units/RGP75-amu-the-dolphin-suite-james-paget-university-hospital-great-yarmouth
RBL14	The Eden Suite at Wirral Women and Children's Hospital	http://www.which.co.uk/birth-choice/units/RBL14-amu-the-eden-suite-wirral-women-and-childrens-hospital
RRV11	"The EGA Birth Centre at University College Hospital, London"	http://www.which.co.uk/birth-choice/units/RRV11-amu-the-ega-birth-centre-university-college-hospital-london
RH801	The Exeter Low Risk Birth Unit at Royal Devon and Exeter Wonford Hospital	http://www.which.co.uk/birth-choice/units/RH801-amu-the-exeter-low-risk-birth-unit-royal-devon-and-exeter-wonford-hospital
RAL01	"The Florence Barrett Labour Ward at Royal Free Hospital, Hampstead"	http://www.which.co.uk/birth-choice/units/RAL01-ou-the-florence-barrett-labour-ward-royal-free-hospital-hampstead
RD304	The Haven Birthing Suite at Poole Hospital	http://www.which.co.uk/birth-choice/units/RD304-amu-the-haven-birthing-suite-poole-hospital
RAL01	"The Heath Birth Centre at Royal Free Hospital, Hampstead"	http://www.which.co.uk/birth-choice/units/RAL01-amu-the-heath-birth-centre-royal-free-hospital-hampstead
RJ122	The Home from Home Birth Centre at St Thomas' Hospital	http://www.which.co.uk/birth-choice/units/RJ122-amu-the-home-from-home-birth-centre-st-thomas-hospital
RA201	"The Home from Home Midwifery Led Unit at Royal Surrey County Hospital, Guildford"	http://www.which.co.uk/birth-choice/units/RA201-amu-the-home-from-home-midwifery-led-unit-royal-surrey-county-hospital-guildford
7A1AY	The Home from Home Unit at Ysbyty Dolgellau	http://www.which.co.uk/birth-choice/units/7A1AY-fmu-the-home-from-home-unit-ysbyty-dolgellau
7A1B2	The Home from Home Unit at Ysbyty Tywyn	http://www.which.co.uk/birth-choice/units/7A1B2-fmu-the-home-from-home-unit-ysbyty-tywyn
zt004	"The Home from Home Unit at Ulster Hospital, Belfast"	http://www.which.co.uk/birth-choice/units/zt004_07021-amu-the-home-from-home-unit-ulster-hospital-belfast
7A1A9	The Home from Home Unit at Denbigh Community Hospital	http://www.which.co.uk/birth-choice/units/7A1A9-fmu-the-home-from-home-unit-denbigh-community-hospital
7A1AX	"The Home from Home Unit at Ysbyty Bryn Beryl, Pwllheli"	http://www.which.co.uk/birth-choice/units/7A1AX-fmu-the-home-from-home-unit-ysbyty-bryn-beryl-pwllheli
RDEE4	The Juno Suite at Colchester General Hospital	http://www.which.co.uk/birth-choice/units/RDEE4-amu-the-juno-suite-colchester-general-hospital
RJC02	The Labour Suite at Warwick Hospital	http://www.which.co.uk/birth-choice/units/RJC02-ou-the-labour-suite-warwick-hospital
RAPNM	The Labour Suite at North Middlesex Hospital	http://www.which.co.uk/birth-choice/units/RAPNM-ou-the-labour-suite-north-middlesex-hospital
RX1RA	The Labour Suite at Nottingham University Hospital QMC Campus	http://www.which.co.uk/birth-choice/units/RX1RA-ou-the-labour-suite-nottingham-university-hospital-qmc-campus
C418H	"The Labour Suite at Royal Alexandra Hospital, Paisley"	http://www.which.co.uk/birth-choice/units/C418H-ou-the-labour-suite-royal-alexandra-hospital-paisley
RGR50	"The Labour Suite at West Suffolk Hospital, Bury St Edmunds"	http://www.which.co.uk/birth-choice/units/RGR50-ou-the-labour-suite-west-suffolk-hospital-bury-st-edmunds
G405H	The Labour Suite at Queen Elizabeth University Hospital	http://www.which.co.uk/birth-choice/units/G405H-ou-the-labour-suite-southern-general-hospital-glasgow
RX1CC	The Labour Suite at Nottingham University Hospital City Hospital Campus	http://www.which.co.uk/birth-choice/units/RX1CC-ou-the-labour-suite-nottingham-university-hospital-city-hospital-campus
RLT01	"The Labour Suite at George Eliot Hospital, Nuneaton"	http://www.which.co.uk/birth-choice/units/RLT01-ou-the-labour-suite-george-eliot-hospital-nuneaton
T101H	"The Labour Suite at Ninewells Hospital, Dundee"	http://www.which.co.uk/birth-choice/units/T101H-ou-the-labour-suite-ninewells-hospital-dundee
RXF05	"The Labour Suite at Pinderfields Hospital, Wakefield"	http://www.which.co.uk/birth-choice/units/RXF05-ou-the-labour-suite-pinderfields-hospital-wakefield
B120H	"The Labour Suite at Borders General Hospital, Melrose"	http://www.which.co.uk/birth-choice/units/B120H-ou-the-labour-suite-borders-general-hospital-melrose
H202H	"The Labour Suite at Raigmore Hospital, Inverness"	http://www.which.co.uk/birth-choice/units/H202H-ou-the-labour-suite-raigmore-hospital-inverness
S314H	"The Labour Suite at Simpson Centre for Reproductive Health, Royal Infirmary of Edinburgh"	http://www.which.co.uk/birth-choice/units/S314H-ou-the-labour-suite-simpson-centre-for-reproductive-health-royal-infirmary-of-edinburgh
V217H	The Labour Suite at Forth Valley Royal Hospital	http://www.which.co.uk/birth-choice/units/V217H-ou-the-labour-suite-forth-valley-royal-hospital
RYR16	"The Labour Suite at St Richard's Hospital, Chichester"	http://www.which.co.uk/birth-choice/units/RYR16-ou-the-labour-suite-st-richards-hospital-chichester
RXF10	The Labour Suite at Dewsbury and District Hospital	http://www.which.co.uk/birth-choice/units/RXF10-ou-the-labour-suite-dewsbury-and-district-hospital
RNLBX	"The Labour Ward at West Cumberland Hospital, Whitehaven"	http://www.which.co.uk/birth-choice/units/RNLBX-ou-the-labour-ward-west-cumberland-hospital-whitehaven
RQM01	The Labour Ward at Chelsea and Westminster Hospital	http://www.which.co.uk/birth-choice/units/RQM01-ou-the-labour-ward-chelsea-and-westminster-hospital
RXWAT	"The Labour Ward at Princess Royal Hospital, Telford"	http://www.which.co.uk/birth-choice/units/RXWAT-ou-the-labour-ward-princess-royal-hospital-telford
zt004	"The Labour Ward at Ulster Hospital, Belfast"	http://www.which.co.uk/birth-choice/units/zt004_07021-ou-the-labour-ward-ulster-hospital-belfast
RBA11	The Labour Ward at Musgrove Park Hospital	http://www.which.co.uk/birth-choice/units/RBA11-ou-the-labour-ward-musgrove-park-hospital
RN541	"The Labour Ward at Royal Hampshire County Hospital, Winchester"	http://www.which.co.uk/birth-choice/units/RN541-ou-the-labour-ward-royal-hampshire-county-hospital-winchester
RDU50	"The Labour Ward at Wexham Park Hospital, Slough"	http://www.which.co.uk/birth-choice/units/RDU50-ou-the-labour-ward-wexham-park-hospital-slough
RTGFG	The Labour Ward at Royal Derby Hospital	http://www.which.co.uk/birth-choice/units/RTGFG-ou-the-labour-ward-royal-derby-hospital
RWDDA	The Labour Ward at Lincoln County Hospital	http://www.which.co.uk/birth-choice/units/RWDDA-ou-the-labour-ward-lincoln-county-hospital
RDU01	The Labour Ward at Frimley Park Hospital	http://www.which.co.uk/birth-choice/units/RDU01-ou-the-labour-ward-frimley-park-hospital
RKEQ4	"The Labour Ward at Whittington Hospital, Highgate"	http://www.which.co.uk/birth-choice/units/RKEQ4-ou-the-labour-ward-whittington-hospital-highgate
RNLAY	"The Labour Ward at Cumberland Infirmary, Carlisle"	http://www.which.co.uk/birth-choice/units/RNLAY-ou-the-labour-ward-cumberland-infirmary-carlisle
RXPCP	The Labour Ward at University Hospital of North Durham	http://www.which.co.uk/birth-choice/units/RXPCP-ou-the-labour-ward-university-hospital-of-north-durham
RP5BA	"The Labour Ward at Bassetlaw Hospital, Worksop"	http://www.which.co.uk/birth-choice/units/RP5BA-ou-the-labour-ward-bassetlaw-hospital-worksop
Y104H	"The Labour Ward at Cresswell Maternity Wing, Dumfries and Galloway Royal Infirmary"	http://www.which.co.uk/birth-choice/units/Y104H-ou-the-labour-ward-cresswell-maternity-wing-dumfries-and-galloway-royal-infirmary
7A6AR	"The Labour Ward at Royal Gwent Hospital, Newport"	http://www.which.co.uk/birth-choice/units/7A6AR-ou-the-labour-ward-royal-gwent-hospital-newport
RAX01	The Labour Ward at Kingston Hospital	http://www.which.co.uk/birth-choice/units/RAX01-ou-the-labour-ward-kingston-hospital
RVV01	"The Labour Ward at William Harvey Hospital, Ashford"	http://www.which.co.uk/birth-choice/units/RVV01-ou-the-labour-ward-william-harvey-hospital-ashford
RW603	The Labour Ward at The Royal Oldham Hospital	http://www.which.co.uk/birth-choice/units/RW603-ou-the-labour-ward-the-royal-oldham-hospital
7A5B1	"The Labour Ward at Royal Glamorgan Hospital, Llantristant"	http://www.which.co.uk/birth-choice/units/7A5B1-ou-the-labour-ward-royal-glamorgan-hospital-llantristant
RAE01	The Labour Ward at Bradford Royal Infirmary	http://www.which.co.uk/birth-choice/units/RAE01-ou-the-labour-ward-bradford-royal-infirmary
RCBCA	The Labour Ward at Scarborough General Hospital	http://www.which.co.uk/birth-choice/units/RCBCA-ou-the-labour-ward-scarborough-general-hospital
G108H	The Labour Ward at Princess Royal Maternity Hospital	http://www.which.co.uk/birth-choice/units/G108H-ou-the-labour-ward-princess-royal-maternity-hospital
RTXBU	The Labour Ward at Furness General Hospital	http://www.which.co.uk/birth-choice/units/RTXBU-ou-the-labour-ward-furness-general-hospital
zt002	The Labour Ward at Antrim Area Hospital	http://www.which.co.uk/birth-choice/units/zt002_24027-ou-the-labour-ward-antrim-area-hospital
S308H	"The Labour Ward at St John's at Howden, Livingston"	http://www.which.co.uk/birth-choice/units/S308H-ou-the-labour-ward-st-johns-at-howden-livingston
RW602	The Labour Ward at North Manchester General Hospital	http://www.which.co.uk/birth-choice/units/RW602-ou-the-labour-ward-north-manchester-general-hospital
RHM12	"The Labour Ward at Princess Anne Hospital, Southampton"	http://www.which.co.uk/birth-choice/units/RHM12-ou-the-labour-ward-princess-anne-hospital-southampton
RKB01	"The Labour Ward at University Hospital, Coventry"	http://www.which.co.uk/birth-choice/units/RKB01-ou-the-labour-ward-university-hospital-coventry
N161H	The Labour Ward at Aberdeen Maternity Hospital	http://www.which.co.uk/birth-choice/units/N161H-ou-the-labour-ward-aberdeen-maternity-hospital
RHQHH	"The Labour Ward at Royal Hallamshire Hospital, Jessop Wing"	http://www.which.co.uk/birth-choice/units/RHQHH-ou-the-labour-ward-royal-hallamshire-hospital-jessop-wing
7A3C4	"The Labour Ward at Singleton Hospital, Swansea"	http://www.which.co.uk/birth-choice/units/7A3C4-ou-the-labour-ward-singleton-hospital-swansea
RJ224	"The Labour Ward at University Hospital, Lewisham"	http://www.which.co.uk/birth-choice/units/RJ224-ou-the-labour-ward-university-hospital-lewisham
RWDLA	"The Labour Ward at Pilgrim Hospital, Boston"	http://www.which.co.uk/birth-choice/units/RWDLA-ou-the-labour-ward-pilgrim-hospital-boston
7A5B3	"The Labour Ward at Prince Charles Hospital, Merthyr"	http://www.which.co.uk/birth-choice/units/7A5B3-ou-the-labour-ward-prince-charles-hospital-merthyr
RXPDA	The Labour Ward at Darlington Memorial Hospital	http://www.which.co.uk/birth-choice/units/RXPDA-ou-the-labour-ward-darlington-memorial-hospital
RJ231	"The Labour Ward at Queen Elizabeth Hospital, Woolwich"	http://www.which.co.uk/birth-choice/units/RJ231-ou-the-labour-ward-queen-elizabeth-hospital-woolwich
RA430	The Labour Ward at Yeovil District Hospital	http://www.which.co.uk/birth-choice/units/RA430-ou-the-labour-ward-yeovil-district-hospital
RTK01	"The Labour Ward at St Peter's Hospital, Chertsey"	http://www.which.co.uk/birth-choice/units/RTK01-ou-the-labour-ward-st-peters-hospital-chertsey
RFRPA	The Labour Ward at Rotherham General Hospital	http://www.which.co.uk/birth-choice/units/RFRPA-ou-the-labour-ward-rotherham-general-hospital
RVV09	The Labour Ward at Queen Elizabeth the Queen Mother Hospital	http://www.which.co.uk/birth-choice/units/RVV09-ou-the-labour-ward-queen-elizabeth-the-queen-mother-hospital
RCB55	The Labour Ward at The York Hospital	http://www.which.co.uk/birth-choice/units/RCB55-ou-the-labour-ward-the-york-hospital
RYJ01	"The Labour Ward at St Mary's Hospital, Paddington"	http://www.which.co.uk/birth-choice/units/RYJ01-ou-the-labour-ward-st-marys-hospital-paddington
RWA01	The Labour Ward at Hull and East Yorkshire Women and Children's Hospital	http://www.which.co.uk/birth-choice/units/RWA01-ou-the-labour-ward-hull-and-east-yorkshire-women-and-childrens-hospital
7A6AM	"The Labour Ward at Nevill Hall Hospital, Abergavenny"	http://www.which.co.uk/birth-choice/units/7A6AM-ou-the-labour-ward-nevill-hall-hospital-abergavenny
RF4QH	"The Labour Ward at Queen's Hospital, Romford"	http://www.which.co.uk/birth-choice/units/RF4QH-ou-the-labour-ward-queens-hospital-romford
RD816	The Labour Ward at Milton Keynes University Hospital	http://www.which.co.uk/birth-choice/units/RD816-ou-the-labour-ward-milton-keynes-hospital
RJZ68	"The Labour Ward at Princess Royal University Hospital, Orpington"	http://www.which.co.uk/birth-choice/units/RJZ68-ou-the-labour-ward-princess-royal-university-hospital-orpington
RBD01	The Labour Ward at Dorset County Hospital	http://www.which.co.uk/birth-choice/units/RBD01-ou-the-labour-ward-dorset-county-hospital
RNQ51	The Labour Ward at Kettering General Hospital	http://www.which.co.uk/birth-choice/units/RNQ51-ou-the-labour-ward-kettering-general-hospital
R1F01	"The Labour Ward at St Mary's Hospital, Isle of Wight"	http://www.which.co.uk/birth-choice/units/R1F01-ou-the-labour-ward-st-marys-hospital-isle-of-wight
7A3B7	"The Labour Ward at Princess of Wales Hospital, Bridgend"	http://www.which.co.uk/birth-choice/units/7A3B7-ou-the-labour-ward-princess-of-wales-hospital-bridgend
RCF22	The Labour Ward at Airedale General Hospital	http://www.which.co.uk/birth-choice/units/RCF22-ou-the-labour-ward-airedale-general-hospital
RHU03	The Labour Ward at Queen Alexandra Hospital	http://www.which.co.uk/birth-choice/units/RHU03-ou-the-labour-ward-queen-alexandra-hospital
RH801	The Labour Ward at Royal Devon and Exeter Wonford Hospital	http://www.which.co.uk/birth-choice/units/RH801-ou-the-labour-ward-royal-devon-and-exeter-wonford-hospital
RQWG0	"The Labour Ward at Princess Alexandra Hospital, Harlow"	http://www.which.co.uk/birth-choice/units/RQWG0-ou-the-labour-ward-princess-alexandra-hospital-harlow
RQ8L0	The Labour Ward at Broomfield Hospital	http://www.which.co.uk/birth-choice/units/RQ8L0-ou-the-labour-ward-broomfield-hospital
RRV11	"The Labour Ward, Elizabeth Garrett Anderson Wing, UCH at University College Hospital, London"	http://www.which.co.uk/birth-choice/units/RRV11-ou-the-labour-ward-elizabeth-garrett-anderson-wing-uch-university-college-hospital-london
RWY02	The LDRP Suite at Calderdale Royal Hospital	http://www.which.co.uk/birth-choice/units/RWY02-ou-the-ldrp-suite-calderdale-royal-hospital
R1HKH	"The Lilac Birth Centre at Whipps Cross University Hospital, Leytonstone"	http://www.which.co.uk/birth-choice/units/R1HKH-amu-the-lilac-birth-centre-whipps-cross-university-hospital-leytonstone
RAX01	The Malden Suite at Kingston Hospital	http://www.which.co.uk/birth-choice/units/RAX01-amu-the-malden-suite-kingston-hospital
RTRAT	"The Marton Suite at James Cook University Hospital, Middlesbrough"	http://www.which.co.uk/birth-choice/units/RTRAT-amu-the-marton-suite-james-cook-university-hospital-middlesbrough
RHU03	The Mary Rose Birth Centre at Queen Alexandra Hospital	http://www.which.co.uk/birth-choice/units/RHU03-amu-the-mary-rose-birth-centre-queen-alexandra-hospital
RBAC3	The Mary Stanley Midwifery Unit at Bridgwater Community Hospital	http://www.which.co.uk/birth-choice/units/RBAC3-fmu-the-mary-stanley-midwifery-unit-bridgwater-community-hospital
R1H12	"The Maternity Suite at Royal London Hospital, Whitechapel"	http://www.which.co.uk/birth-choice/units/R1H12-ou-the-maternity-suite-royal-london-hospital-whitechapel
F704H	"The Maternity Unit at Victoria Hospital, Kirkcaldy"	http://www.which.co.uk/birth-choice/units/F704H-ou-the-maternity-unit-victoria-hospital-kirkcaldy
R101H	"The Maternity Unit at Balfour Hospital, Orkney"	http://www.which.co.uk/birth-choice/units/R101H-fmu-the-maternity-unit-balfour-hospital-orkney
RVWAE	The Maternity Unit at University Hospital of North Tees	http://www.which.co.uk/birth-choice/units/RVWAE-ou-the-maternity-unit-university-hospital-of-north-tees
L308H	The Maternity Unit at Wishaw General Hospital	http://www.which.co.uk/birth-choice/units/L308H-ou-the-maternity-unit-wishaw-general-hospital
W107H	The Maternity Unit at Western Isles Hospital	http://www.which.co.uk/birth-choice/units/W107H-ou-the-maternity-unit-western-isles-hospital
C122H	The Maternity Ward at Campbeltown Hospital	http://www.which.co.uk/birth-choice/units/C122H-fmu-the-maternity-ward-campbeltown-hospital
RJE02	The Midwife Birth Centre at Royal Stoke University Hospital	http://www.which.co.uk/birth-choice/units/RJE02-amu-the-midwife-birth-centre-royal-stoke-university-hospital
RW603	The Midwife Led Birth Centre at The Royal Oldham Hospital	http://www.which.co.uk/birth-choice/units/RW603-amu-the-midwife-led-birth-centre-the-royal-oldham-hospital
RGN80	The Midwife Led Birthing Unit at Peterborough City Hospital	http://www.which.co.uk/birth-choice/units/RGN80-amu-the-midwife-led-birthing-unit-peterborough-city-hospital
RMC01	The Midwife Led Birth Suite at Royal Bolton Hospital	http://www.which.co.uk/birth-choice/units/RMC01-amu-the-midwife-led-birth-suite-royal-bolton-hospital
RXF03	The Midwife-led Unit at Pontefract Hospital	http://www.which.co.uk/birth-choice/units/RXF03-fmu-the-midwife-led-unit-pontefract-hospital
7A1A1	"The Midwife Led Unit at Glan Clwyd Hospital, Rhyl"	http://www.which.co.uk/birth-choice/units/7A1A1-amu-the-midwife-led-unit-glan-clwyd-hospital-rhyl
RCBCA	The Midwife Led Unit at Scarborough General Hospital	http://www.which.co.uk/birth-choice/units/RCBCA-amu-the-midwife-led-unit-scarborough-general-hospital
7A3C4	"The Midwife Led Unit at Singleton Hospital, Swansea"	http://www.which.co.uk/birth-choice/units/7A3C4-amu-the-midwife-led-unit-singleton-hospital-swansea
F704H	"The Midwife Led Unit at Victoria Hospital, Kirkcaldy"	http://www.which.co.uk/birth-choice/units/F704H-amu-the-midwife-led-unit-victoria-hospital-kirkcaldy
RBT20	"The Midwife Led Unit at Leighton Hospital, Crewe"	http://www.which.co.uk/birth-choice/units/RBT20-amu-the-midwife-led-unit-leighton-hospital-crewe
R1HNH	The Midwife Led Unit at Newham University Hospital	http://www.which.co.uk/birth-choice/units/R1HNH-amu-the-midwife-led-unit-newham-hospital
RNA01	The Midwife Led Unit at Russells Hall Hospital	http://www.which.co.uk/birth-choice/units/RNA01-amu-the-midwife-led-unit-russells-hall-hospital
REP01	The Midwife Led Unit at Liverpool Women's Hospital	http://www.which.co.uk/birth-choice/units/REP01-amu-the-midwife-led-unit-liverpool-womens-hospital
RHQHH	"The Midwife Led Unit at Royal Hallamshire Hospital, Jessop Wing"	http://www.which.co.uk/birth-choice/units/RHQHH-amu-the-midwife-led-unit-royal-hallamshire-hospital-jessop-wing
RWH01	"The Midwife Led Unit at Lister Hospital, Stevenage"	http://www.which.co.uk/birth-choice/units/RWH01-amu-the-midwife-led-unit-lister-hospital-stevenage
7A1A4	The Midwife Led Unit at Wrexham Maelor Hospital	http://www.which.co.uk/birth-choice/units/7A1A4-amu-the-midwife-led-unit-wrexham-maelor-hospital
RC971	The Midwifery Led Birthing Unit at Luton & Dunstable Hospital	http://www.which.co.uk/birth-choice/units/RC971-amu-the-midwifery-led-birthing-unit-luton-dunstable-hospital
RM102	The Midwifery-Led Birthing Unit at Norfolk And Norwich University Hospital	http://www.which.co.uk/birth-choice/units/RM102-amu-the-midwifery-led-birthing-unit-norfolk-and-norwich-university-hospital
7A4BV	"The Midwifery Led Birth Unit at University Hospital of Wales, Cardiff"	http://www.which.co.uk/birth-choice/units/7A4BV-amu-the-midwifery-led-birth-unit-university-hospital-of-wales-cardiff
7A6AR	"The Midwifery-led unit at Royal Gwent Hospital, Newport"	http://www.which.co.uk/birth-choice/units/7A6AR-amu-the-midwifery-led-unit-royal-gwent-hospital-newport
ZT003	The Midwifery-led unit at Craigavon Area Hospital	http://www.which.co.uk/birth-choice/units/ZT003_32024-amu-the-midwifery-led-unit-craigavon-area-hospital
zt004	The Midwifery-led unit at Downe Hospital	http://www.which.co.uk/birth-choice/units/zt004_14028-fmu-the-midwifery-led-unit-downe-hospital
RJF04	"The Midwifery Led Unit at Samuel Johnson Community Hospital, Lichfield"	http://www.which.co.uk/birth-choice/units/RJF04-fmu-the-midwifery-led-unit-samuel-johnson-community-hospital-lichfield
RA707	"The Midwifery Led Unit at St Michael's Hospital, Bristol"	http://www.which.co.uk/birth-choice/units/RA707-amu-the-midwifery-led-unit-st-michaels-hospital-bristol
zt005	The Midwifery Led Unit at Altnagelvin Area Hospital	http://www.which.co.uk/birth-choice/units/zt005_45020-amu-the-midwifery-led-unit-altnagelvin-area-hospital
RBK30	The Midwifery Led Unit at Walsall Midwifery Led Unit	http://www.which.co.uk/birth-choice/units/RBK30-fmu-the-midwifery-led-unit-walsall-midwifery-led-unit
zt001	"The Midwifery Led Unit at Mater Infirmorum, Belfast"	http://www.which.co.uk/birth-choice/units/zt001_12036-fmu-the-midwifery-led-unit-mater-infirmorum-belfast
C106H	The Midwifery Led Unit at Cowal Community Hospital	http://www.which.co.uk/birth-choice/units/C106H-fmu-the-midwifery-led-unit-cowal-community-hospital
RW3SM	"The Midwifery Led Unit at St Mary's Hospital, Manchester"	http://www.which.co.uk/birth-choice/units/RW3SM-amu-the-midwifery-led-unit-st-marys-hospital-manchester
zt005	The Midwifery Led Unit at South West Acute Hospital	http://www.which.co.uk/birth-choice/units/zt005_48020-amu-the-midwifery-led-unit-south-west-acute-hospital
zt004	The Midwifery Led Unit at Lagan Valley Hospital	http://www.which.co.uk/birth-choice/units/zt004_14020-fmu-the-midwifery-led-unit-lagan-valley-hospital
RMP01	"The Midwifery Led Unit at Tameside General Hospital, Ashton-under-Lyne"	http://www.which.co.uk/birth-choice/units/RMP01-amu-the-midwifery-led-unit-tameside-general-hospital-ashton-under-lyne
RL403	"The Midwifery Led Unit at New Cross Hospital, Wolverhampton"	http://www.which.co.uk/birth-choice/units/RL403-amu-the-midwifery-led-unit-new-cross-hospital-wolverhampton
zt003	"The Midwifery Led Unit at Daisy Hill Hospital, Newry"	http://www.which.co.uk/birth-choice/units/zt003_33020-amu-the-midwifery-led-unit-daisy-hill-hospital-newry
H212H	"The Midwifery Unit at Belford Hospital, Fort William"	http://www.which.co.uk/birth-choice/units/H212H-fmu-the-midwifery-unit-belford-hospital-fort-william
RDU01	The Mulberry Birth Centre at Frimley Park Hospital	http://www.which.co.uk/birth-choice/units/RDU01-amu-the-midwife-led-unit-frimley-park-hospital
RFW01	"The Natural Birth Centre at West Middlesex University Hospital, Isleworth"	http://www.which.co.uk/birth-choice/units/RFW01-amu-the-natural-birth-centre-west-middlesex-university-hospital-isleworth
RJZ68	"The Oasis Birthing Centre at Princess Royal University Hospital, Orpington"	http://www.which.co.uk/birth-choice/units/RJZ68-amu-the-oasis-birthing-centre-princess-royal-university-hospital-orpington
RQQ31	"The Park Birth Centre at Hinchingbrooke Hospital, Huntingdon"	http://www.which.co.uk/birth-choice/units/RQQ31-ou-the-park-birth-centre-hinchingbrooke-hospital-huntingdon
RF4QH	"The Queen's Birth Centre at Queen's Hospital, Romford"	http://www.which.co.uk/birth-choice/units/RF4QH-amu-the-queens-birth-centre-queens-hospital-romford
RXK02	"The Serenity Birth Centre at City Hospital, Birmingham"	http://www.which.co.uk/birth-choice/units/RXK02-amu-the-serenity-birth-centre-city-hospital-birmingham
RN325	"The White Horse Birth Centre at The Great Western Hospital, Swindon"	http://www.which.co.uk/birth-choice/units/RN325-amu-the-white-horse-birth-centre-the-great-western-hospital-swindon
RDDH0	The Willow Suite at Basildon University Hospital	http://www.which.co.uk/birth-choice/units/RDDH0-amu-the-willow-suite-basildon-university-hospital
RR101	The Willow Suite at Birmingham Heartlands Hospital	http://www.which.co.uk/birth-choice/units/RR101-amu-the-willow-suite-birmingham-heartlands-hospital
RH853	Tiverton Birth Unit	http://www.which.co.uk/birth-choice/units/RH853-fmu-tiverton-maternity-unit
RD108	Trowbridge Birth Centre at Trowbridge Community Hospital	http://www.which.co.uk/birth-choice/units/RD108-fmu-trowbridge-birth-centre-trowbridge-community-hospital
C206H	"Vale of Leven Community Maternity Unit at Vale of Leven Hospital, Alexandria"	http://www.which.co.uk/birth-choice/units/C206H-fmu-vale-of-leven-community-maternity-unit-vale-of-leven-hospital-alexandria
RTH16	Wallingford Community Midwifery-led Unit (St George's Ward) at Wallingford Community Hospital	http://www.which.co.uk/birth-choice/units/RTH16-fmu-wallingford-community-midwifery-led-unit-st-georges-ward-wallingford-community-hospital
RTH21	Wantage Midwifery Led Unit at Wantage Community Hospital	http://www.which.co.uk/birth-choice/units/RTH21-fmu-wantage-midwifery-led-unit-wantage-community-hospital
RCX70	"Waterlily Birth Centre at Queen Elizabeth Hospital, Kings Lynn"	http://www.which.co.uk/birth-choice/units/RCX70-amu-midwife-led-birthing-unit-queen-elizabeth-hospital-kings-lynn
7A7BS	"Welshpool Birth Centre at Victoria War Memorial Hospital, Welshpool"	http://www.which.co.uk/birth-choice/units/7A7BS-fmu-welshpool-birth-centre-victoria-war-memorial-hospital-welshpool
RA957	Whitelake Midwifery Led Unit at Newton Abbot Community Hospital	http://www.which.co.uk/birth-choice/units/RA957-fmu-whitelake-midwifery-led-unit-newton-abbot-community-hospital
7A2BL	"Withybush Midwife Led Unit at Withybush Hospital, Haverfordwest"	http://www.which.co.uk/birth-choice/units/7A2BL-fmu-withybush-midwife-led-unit-withybush-hospital-haverfordwest
RQ8LK	"WJC Birthing Centre at St Michael's Hospital, Braintree"	http://www.which.co.uk/birth-choice/units/RQ8LK-fmu-wjc-birthing-centre-st-michaels-hospital-braintree
RXWAT	"Wrekin Midwife Led Unit at Princess Royal Hospital, Telford"	http://www.which.co.uk/birth-choice/units/RXWAT-amu-wrekin-midwife-led-unit-princess-royal-hospital-telford
RXQ50	Wycombe Birth Centre at Wycombe Hospital	http://www.which.co.uk/birth-choice/units/RXQ50-fmu-wycombe-birth-centre-wycombe-hospital
